url,label
https://docs.facebook.com/search?q=cyber+security,0
https://login-2522.xyz/security-alert/verify_user_credentials_session_id_54921_secure_token_abc,1
http://chase.com@attacker-793.ga/login.php,1
http://amazon-security-update.ml/signin,1
https://facebook.com/docs/guide,0
https://wikipedia.org/api/v1/data,0
https://support.amazon.com/products/item123,0
http://www.netflix.confirm-identity.account-security-alert-check.top/index.html?ref=login,1
https://docs.cnn.com/settings/account,0
https://instagram.com/,0
https://blog.wikipedia.org/settings/account,0
https://login-4066.cf/account-verification/verify_user_credentials_session_id_34259_secure_token_abc,1
https://www.bing.com,0
https://api.adobe.com/products/item123,0
http://www.netflix.secure-login.account-security-alert-check.info/index.html?ref=login,1
http://www.paypal.bank-security.account-security-alert-check.xyz/index.html?ref=login,1
http://google.com@attacker-731.gq/login.php,1
https://blog.stackoverflow.com/help/center,0
https://blog.wikipedia.org/search?q=cyber+security,0
https://api.bing.com/blog/2026/08/article,0
https://www.apple.wallet-connect.account-security-alert-check.top/index.html?ref=login,1
https://support.microsoft.com/terms-of-service,0
https://235.38.11.17/verify,1
https://instagram.com/settings/account,0
https://amazon-security-update.tk/signin,1
https://www.paypal.confirm-identity.account-security-alert-check.tk/index.html?ref=login,1
https://www.apple.bank-security.account-security-alert-check.cf/index.html?ref=login,1
https://google.com@attacker-129.ml/login.php,1
https://blog.bing.com/products/item123,0
https://www.chase.com/download/version1,0
https://docs.wikipedia.org/download/version1,0
http://blog.wordpress.org/about,0
https://wellsfargo.com,0
http://login-3101.tk/wallet-connect/verify_user_credentials_session_id_78909_secure_token_abc,1
http://login-2312.club/paypal-update/verify_user_credentials_session_id_71746_secure_token_abc,1
https://www.stackoverflow.com/,0
http://www.netflix.password-reset.account-security-alert-check.ga/index.html?ref=login,1
https://www.imdb.com/terms-of-service,0
https://api.quora.com/about,0
http://104.255.74.243/signin.html,1
https://support.netflix.com/download/version1,0
https://docs.twitter.com/blog/2026/08/article,0
http://instagram.com/docs/guide,0
http://google.com@attacker-776.ga/login.php,1
https://amazon-security-update.cf/signin,1
https://facebook.com/help/center,0
http://www.netflix.account-verification.account-security-alert-check.top/index.html?ref=login,1
https://netflix-security-update.club/signin,1
https://www.medium.com,0
https://chase.com@attacker-167.ga/login.php,1
http://229.234.44.21/signin.html,1
https://www.adobe.com/docs/guide,0
https://support.reddit.com/terms-of-service,0
https://netflix-security-update.xyz/signin,1
http://login-3224.club/unusual-activity/verify_user_credentials_session_id_30366_secure_token_abc,1
https://imdb.com,0
http://www.nytimes.com/blog/2026/08/article,0
https://www.wikipedia.org/terms-of-service,0
https://blog.bing.com/contact,0
https://microsoft.com/api/v1/data,0
https://docs.nytimes.com,0
https://api.chase.com,0
https://support.dropbox.com/api/v1/data,0
https://youtube.com/api/v1/data,0
https://nytimes.com/download/version1,0
https://blog.netflix.com/settings/account,0
https://182.149.231.159/bank/account,1
https://40.14.41.118/signin.html,1
https://login-3253.ga/password-reset/verify_user_credentials_session_id_35330_secure_token_abc,1
https://97.199.165.147/login,1
https://login-9783.top/paypal-update/verify_user_credentials_session_id_84012_secure_token_abc,1
https://instagram.com/search?q=cyber+security,0
https://api.instagram.com/contact,0
http://www.apple.verify-account.account-security-alert-check.site/index.html?ref=login,1
https://blog.netflix.com/products/item123,0
https://api.apple.com/about,0
http://google-security-update.ml/signin,1
https://www.chase.com/help/center,0
https://amazon-security-update.ga/signin,1
https://api.twitter.com/contact,0
http://bankofamerica.com@attacker-746.xyz/login.php,1
https://docs.twitter.com/,0
https://reddit.com/terms-of-service,0
http://api.dropbox.com/settings/account,0
http://www.netflix.secure-login.account-security-alert-check.club/index.html?ref=login,1
https://support.bbc.com,0
https://paypal-security-update.info/signin,1
http://chase.com@attacker-186.ga/login.php,1
http://116.233.21.225/verify,1
http://paypal-security-update.online/signin,1
https://docs.medium.com/contact,0
http://www.apple.bank-security.account-security-alert-check.top/index.html?ref=login,1
https://www.netflix.password-reset.account-security-alert-check.site/index.html?ref=login,1
https://login-8258.site/paypal-update/verify_user_credentials_session_id_45887_secure_token_abc,1
https://api.nytimes.com/about,0
https://support.netflix.com/products/item123,0
https://blog.dropbox.com/user/profile,0
http://google.com@attacker-787.online/login.php,1
https://www.twitter.com/about,0
http://login-6213.online/update-billing/verify_user_credentials_session_id_38953_secure_token_abc,1
https://30.54.254.51/auth,1
http://google.com@attacker-747.tk/login.php,1
https://quora.com/,0
https://imdb.com/download/version1,0
http://www.netflix.security-alert.account-security-alert-check.gq/index.html?ref=login,1
https://reddit.com/user/profile,0
https://api.wordpress.org/search?q=cyber+security,0
https://api.github.com/docs/guide,0
http://amazon-security-update.gq/signin,1
https://paypal-security-update.ml/signin,1
https://blog.bbc.com/api/v1/data,0
https://docs.stackoverflow.com/user/profile,0
http://blog.nytimes.com/user/profile,0
https://www.microsoft.update-billing.account-security-alert-check.online/index.html?ref=login,1
http://www.netflix.signin-portal.account-security-alert-check.top/index.html?ref=login,1
https://spotify.com/api/v1/data,0
https://blog.paypal.com/products/item123,0
https://docs.apple.com/blog/2026/08/article,0
https://docs.microsoft.com/search?q=cyber+security,0
http://229.9.15.209/auth,1
https://api.netflix.com/products/item123,0
https://support.github.com/,0
https://login-8417.gq/account-verification/verify_user_credentials_session_id_40619_secure_token_abc,1
http://paypal-security-update.club/signin,1
https://docs.linkedin.com/terms-of-service,0
https://docs.imdb.com/terms-of-service,0
https://docs.adobe.com/user/profile,0
https://chase-security-update.tk/signin,1
https://login-6198.ga/unusual-activity/verify_user_credentials_session_id_83659_secure_token_abc,1
http://blog.github.com/about,0
http://chase-security-update.online/signin,1
http://88.113.243.233/bank/account,1
http://www.amazon.security-alert.account-security-alert-check.top/index.html?ref=login,1
https://amazon-security-update.site/signin,1
http://docs.imdb.com/about,0
http://login-1750.cf/password-reset/verify_user_credentials_session_id_95037_secure_token_abc,1
http://www.amazon.unusual-activity.account-security-alert-check.info/index.html?ref=login,1
https://docs.twitter.com/search?q=cyber+security,0
http://www.apple.unusual-activity.account-security-alert-check.top/index.html?ref=login,1
https://blog.wellsfargo.com/help/center,0
https://netflix-security-update.site/signin,1
https://www.paypal.signin-portal.account-security-alert-check.ml/index.html?ref=login,1
https://docs.paypal.com/settings/account,0
http://google.com@attacker-125.online/login.php,1
https://support.twitter.com/products/item123,0
https://www.apple.verify-account.account-security-alert-check.gq/index.html?ref=login,1
https://paypal.com@attacker-285.xyz/login.php,1
https://blog.paypal.com,0
https://api.amazon.com/api/v1/data,0
http://www.amazon.wallet-connect.account-security-alert-check.info/index.html?ref=login,1
https://www.paypal.account-verification.account-security-alert-check.top/index.html?ref=login,1
https://docs.paypal.com/,0
https://facebook.com/search?q=cyber+security,0
https://www.apple.signin-portal.account-security-alert-check.top/index.html?ref=login,1
https://docs.bankofamerica.com/search?q=cyber+security,0
https://support.stackoverflow.com/api/v1/data,0
https://www.netflix.confirm-identity.account-security-alert-check.site/index.html?ref=login,1
http://236.243.187.179/auth,1
https://www.apple.wallet-connect.account-security-alert-check.ml/index.html?ref=login,1
https://www.wikipedia.org/products/item123,0
http://google-security-update.gq/signin,1
https://login-1448.club/security-alert/verify_user_credentials_session_id_25239_secure_token_abc,1
https://login-9172.site/free-giftcard/verify_user_credentials_session_id_65498_secure_token_abc,1
https://bankofamerica.com@attacker-990.ga/login.php,1
http://login-4855.club/verify-account/verify_user_credentials_session_id_87687_secure_token_abc,1
https://blog.wordpress.org/download/version1,0
https://chase.com@attacker-689.ml/login.php,1
https://www.stackoverflow.com/api/v1/data,0
https://www.paypal.security-alert.account-security-alert-check.top/index.html?ref=login,1
https://api.spotify.com,0
http://bankofamerica.com@attacker-596.club/login.php,1
https://blog.twitter.com/products/item123,0
https://docs.dropbox.com,0
https://docs.youtube.com/search?q=cyber+security,0
http://174.252.3.196/auth,1
https://www.google.com/contact,0
http://www.paypal.wallet-connect.account-security-alert-check.online/index.html?ref=login,1
https://support.dropbox.com/blog/2026/08/article,0
http://50.102.29.64/login,1
https://docs.wordpress.org/user/profile,0
https://100.170.30.67/bank/account,1
https://blog.github.com/download/version1,0
https://google-security-update.online/signin,1
https://blog.instagram.com/user/profile,0
https://google.com@attacker-175.club/login.php,1
http://15.136.200.19/auth,1
https://github.com/blog/2026/08/article,0
https://chase.com@attacker-829.site/login.php,1
https://www.linkedin.com/blog/2026/08/article,0
http://www.netflix.update-billing.account-security-alert-check.tk/index.html?ref=login,1
http://login-5638.xyz/free-giftcard/verify_user_credentials_session_id_63713_secure_token_abc,1
https://www.instagram.com/,0
http://docs.wellsfargo.com/products/item123,0
https://chase-security-update.online/signin,1
https://amazon-security-update.ml/signin,1
https://docs.twitter.com/user/profile,0
http://google-security-update.club/signin,1
http://api.yahoo.com/user/profile,0
https://google.com/terms-of-service,0
http://www.amazon.account-verification.account-security-alert-check.ml/index.html?ref=login,1
https://support.bbc.com/help/center,0
https://support.reddit.com/api/v1/data,0
https://netflix-security-update.gq/signin,1
https://blog.bankofamerica.com/docs/guide,0
http://google.com@attacker-450.top/login.php,1
http://amazon-security-update.online/signin,1
http://234.185.80.187/bank/account,1
https://support.google.com/search?q=cyber+security,0
https://chase.com@attacker-943.gq/login.php,1
http://bankofamerica.com@attacker-375.xyz/login.php,1
https://api.instagram.com/user/profile,0
https://api.netflix.com/,0
http://amazon-security-update.club/signin,1
https://support.google.com,0
https://microsoft.com/docs/guide,0
http://support.apple.com/search?q=cyber+security,0
https://api.spotify.com/docs/guide,0
http://www.apple.secure-login.account-security-alert-check.top/index.html?ref=login,1
https://api.facebook.com/contact,0
https://adobe.com/terms-of-service,0
http://46.128.36.148/verify,1
https://netflix.com/,0
https://medium.com/products/item123,0
https://www.microsoft.claim-reward.account-security-alert-check.site/index.html?ref=login,1
http://login-6432.ml/verify-account/verify_user_credentials_session_id_15596_secure_token_abc,1
https://netflix-security-update.ga/signin,1
http://login-7928.cf/security-alert/verify_user_credentials_session_id_28910_secure_token_abc,1
http://bankofamerica.com@attacker-704.club/login.php,1
http://paypal.com@attacker-228.cf/login.php,1
https://chase-security-update.ga/signin,1
http://chase.com@attacker-437.info/login.php,1
https://blog.youtube.com/blog/2026/08/article,0
https://blog.imdb.com/blog/2026/08/article,0
https://95.93.201.225/signin.html,1
https://chase-security-update.cf/signin,1
https://224.54.222.137/login,1
http://chase-security-update.ga/signin,1
http://chase-security-update.gq/signin,1
https://login-1533.info/claim-reward/verify_user_credentials_session_id_55519_secure_token_abc,1
https://login-5827.gq/wallet-connect/verify_user_credentials_session_id_31955_secure_token_abc,1
https://225.130.24.153/login,1
https://blog.reddit.com/help/center,0
https://243.72.96.215/signin.html,1
https://support.bankofamerica.com/contact,0
http://chase.com@attacker-557.tk/login.php,1
https://google.com/about,0
http://login-5107.club/verify-account/verify_user_credentials_session_id_75178_secure_token_abc,1
http://login-7633.tk/signin-portal/verify_user_credentials_session_id_89682_secure_token_abc,1
https://google.com@attacker-771.online/login.php,1
https://blog.wellsfargo.com/user/profile,0
http://login-6668.club/verify-account/verify_user_credentials_session_id_41502_secure_token_abc,1
https://245.246.62.146/auth,1
https://blog.quora.com/search?q=cyber+security,0
http://login-2185.info/claim-reward/verify_user_credentials_session_id_48568_secure_token_abc,1
http://docs.github.com/docs/guide,0
http://249.3.33.54/verify,1
http://166.186.145.54/signin.html,1
https://api.youtube.com/,0
https://api.reddit.com/download/version1,0
http://www.apple.signin-portal.account-security-alert-check.site/index.html?ref=login,1
https://login-1672.ml/claim-reward/verify_user_credentials_session_id_79637_secure_token_abc,1
http://login-2914.gq/update-billing/verify_user_credentials_session_id_13250_secure_token_abc,1
https://30.237.166.143/login,1
https://api.cnn.com/help/center,0
https://dropbox.com/blog/2026/08/article,0
http://paypal-security-update.gq/signin,1
https://api.linkedin.com/contact,0
https://login-7995.site/wallet-connect/verify_user_credentials_session_id_52389_secure_token_abc,1
https://support.chase.com/,0
http://www.paypal.unusual-activity.account-security-alert-check.club/index.html?ref=login,1
https://google.com@attacker-150.top/login.php,1
https://stackoverflow.com/help/center,0
https://dropbox.com/about,0
http://www.amazon.support-desk.account-security-alert-check.tk/index.html?ref=login,1
http://183.143.47.12/verify,1
https://www.wellsfargo.com,0
https://support.spotify.com/products/item123,0
https://netflix-security-update.top/signin,1
https://wordpress.org,0
http://50.14.125.205/bank/account,1
https://login-3947.online/wallet-connect/verify_user_credentials_session_id_40503_secure_token_abc,1
https://google-security-update.ml/signin,1
https://api.medium.com/terms-of-service,0
http://chase-security-update.club/signin,1
https://blog.yahoo.com/search?q=cyber+security,0
https://api.paypal.com/download/version1,0
https://login-1472.site/free-giftcard/verify_user_credentials_session_id_27125_secure_token_abc,1
http://login-7762.online/update-billing/verify_user_credentials_session_id_77147_secure_token_abc,1
https://docs.chase.com/help/center,0
http://www.paypal.signin-portal.account-security-alert-check.gq/index.html?ref=login,1
https://blog.paypal.com/user/profile,0
https://support.imdb.com/contact,0
https://support.linkedin.com/search?q=cyber+security,0
https://adobe.com/search?q=cyber+security,0
https://paypal.com@attacker-783.club/login.php,1
https://google-security-update.info/signin,1
http://login-2914.gq/free-giftcard/verify_user_credentials_session_id_51222_secure_token_abc,1
http://bankofamerica.com@attacker-369.club/login.php,1
http://62.190.250.153/signin.html,1
https://docs.amazon.com/search?q=cyber+security,0
https://chase-security-update.site/signin,1
http://219.70.87.85/bank/account,1
http://www.paypal.unusual-activity.account-security-alert-check.ml/index.html?ref=login,1
https://docs.dropbox.com/products/item123,0
https://docs.bing.com/download/version1,0
https://blog.instagram.com/blog/2026/08/article,0
https://44.192.82.188/login,1
https://login-7920.ml/confirm-identity/verify_user_credentials_session_id_31016_secure_token_abc,1
https://www.netflix.secure-login.account-security-alert-check.tk/index.html?ref=login,1
https://blog.quora.com/about,0
https://chase.com@attacker-452.ga/login.php,1
http://support.nytimes.com/user/profile,0
https://blog.stackoverflow.com/blog/2026/08/article,0
https://apple.com/contact,0
https://netflix-security-update.cf/signin,1
https://api.imdb.com/user/profile,0
https://api.apple.com/terms-of-service,0
http://paypal.com@attacker-634.site/login.php,1
https://github.com/products/item123,0
https://bbc.com/about,0
https://google.com@attacker-421.xyz/login.php,1
http://blog.stackoverflow.com/blog/2026/08/article,0
http://www.netflix.bank-security.account-security-alert-check.tk/index.html?ref=login,1
https://dropbox.com/download/version1,0
http://netflix-security-update.club/signin,1
http://www.amazon.free-giftcard.account-security-alert-check.site/index.html?ref=login,1
https://login-4698.ga/account-verification/verify_user_credentials_session_id_65675_secure_token_abc,1
https://www.bankofamerica.com/contact,0
http://support.cnn.com/user/profile,0
http://login-5310.cf/verify-account/verify_user_credentials_session_id_58606_secure_token_abc,1
https://api.adobe.com/settings/account,0
http://43.237.204.122/bank/account,1
https://62.0.80.23/bank/account,1
https://29.212.76.38/auth,1
https://support.netflix.com/search?q=cyber+security,0
https://232.17.75.31/signin.html,1
https://blog.medium.com/,0
https://www.github.com/search?q=cyber+security,0
https://docs.imdb.com/contact,0
https://www.nytimes.com/user/profile,0
https://support.nytimes.com/user/profile,0
https://support.cnn.com/search?q=cyber+security,0
https://chase.com@attacker-931.site/login.php,1
https://support.bankofamerica.com/products/item123,0
http://chase.com@attacker-352.cf/login.php,1
https://docs.chase.com/blog/2026/08/article,0
https://blog.imdb.com/,0
https://www.yahoo.com/search?q=cyber+security,0
https://api.stackoverflow.com,0
https://www.imdb.com/download/version1,0
http://57.65.72.177/verify,1
http://paypal.com@attacker-188.online/login.php,1
https://docs.yahoo.com/settings/account,0
https://api.github.com/,0
https://login-1237.top/paypal-update/verify_user_credentials_session_id_42329_secure_token_abc,1
http://www.paypal.free-giftcard.account-security-alert-check.online/index.html?ref=login,1
http://chase.com@attacker-628.online/login.php,1
http://www.apple.secure-login.account-security-alert-check.info/index.html?ref=login,1
https://www.wordpress.org/products/item123,0
http://17.242.27.7/signin.html,1
http://login-4602.ga/claim-reward/verify_user_credentials_session_id_61248_secure_token_abc,1
https://www.github.com/user/profile,0
https://www.amazon.update-billing.account-security-alert-check.club/index.html?ref=login,1
https://support.github.com/api/v1/data,0
http://support.bankofamerica.com/help/center,0
https://www.medium.com/settings/account,0
http://chase.com@attacker-195.cf/login.php,1
http://paypal.com@attacker-118.xyz/login.php,1
https://docs.linkedin.com/help/center,0
https://blog.paypal.com/settings/account,0
https://bing.com/contact,0
http://login-9289.top/wallet-connect/verify_user_credentials_session_id_34318_secure_token_abc,1
https://26.53.228.90/verify,1
https://support.youtube.com/contact,0
https://www.google.com/download/version1,0
https://www.microsoft.com/docs/guide,0
http://reddit.com/download/version1,0
https://dropbox.com/,0
https://blog.stackoverflow.com,0
https://www.stackoverflow.com/download/version1,0
https://docs.spotify.com/docs/guide,0
http://www.microsoft.account-verification.account-security-alert-check.ga/index.html?ref=login,1
http://docs.amazon.com/download/version1,0
https://dropbox.com,0
https://support.wordpress.org/api/v1/data,0
http://chase-security-update.tk/signin,1
https://docs.chase.com/user/profile,0
https://www.apple.paypal-update.account-security-alert-check.gq/index.html?ref=login,1
http://www.amazon.password-reset.account-security-alert-check.gq/index.html?ref=login,1
https://nytimes.com/about,0
http://32.6.31.213/verify,1
http://165.32.23.180/login,1
http://google.com@attacker-806.gq/login.php,1
https://docs.youtube.com/contact,0
https://www.netflix.com/api/v1/data,0
https://api.yahoo.com/help/center,0
https://79.158.228.74/verify,1
https://quora.com/blog/2026/08/article,0
http://login-1129.ml/account-verification/verify_user_credentials_session_id_92629_secure_token_abc,1
http://login-3422.online/support-desk/verify_user_credentials_session_id_43801_secure_token_abc,1
https://blog.wikipedia.org/about,0
https://yahoo.com/terms-of-service,0
https://www.paypal.support-desk.account-security-alert-check.top/index.html?ref=login,1
https://api.youtube.com/help/center,0
http://www.microsoft.paypal-update.account-security-alert-check.club/index.html?ref=login,1
https://login-7875.ga/confirm-identity/verify_user_credentials_session_id_64266_secure_token_abc,1
https://docs.twitter.com/api/v1/data,0
https://paypal.com@attacker-709.site/login.php,1
http://google-security-update.info/signin,1
http://login-7235.tk/signin-portal/verify_user_credentials_session_id_32398_secure_token_abc,1
https://login-2392.ml/claim-reward/verify_user_credentials_session_id_28791_secure_token_abc,1
https://youtube.com/terms-of-service,0
https://chase.com/docs/guide,0
https://support.paypal.com/docs/guide,0
https://google.com@attacker-515.cf/login.php,1
https://paypal.com@attacker-211.ga/login.php,1
https://www.netflix.com/blog/2026/08/article,0
https://www.microsoft.com/about,0
https://chase.com/products/item123,0
http://amazon-security-update.xyz/signin,1
http://74.135.24.77/auth,1
https://docs.wikipedia.org/contact,0
http://72.69.56.219/signin.html,1
https://api.medium.com/settings/account,0
http://login-2506.online/free-giftcard/verify_user_credentials_session_id_22416_secure_token_abc,1
https://www.amazon.verify-account.account-security-alert-check.top/index.html?ref=login,1
https://api.github.com/about,0
http://172.176.211.249/auth,1
https://blog.bbc.com/about,0
http://chase.com@attacker-800.xyz/login.php,1
https://www.bing.com/contact,0
https://bankofamerica.com@attacker-458.online/login.php,1
http://netflix-security-update.ga/signin,1
https://api.linkedin.com/api/v1/data,0
https://bankofamerica.com@attacker-850.info/login.php,1
https://wikipedia.org/contact,0
http://docs.google.com/contact,0
https://api.cnn.com/products/item123,0
https://login-8029.club/signin-portal/verify_user_credentials_session_id_60242_secure_token_abc,1
http://chase.com@attacker-159.club/login.php,1
http://api.quora.com/terms-of-service,0
http://login-3675.tk/account-verification/verify_user_credentials_session_id_45739_secure_token_abc,1
https://www.apple.account-verification.account-security-alert-check.info/index.html?ref=login,1
https://114.229.45.220/signin.html,1
https://www.wikipedia.org/api/v1/data,0
https://www.spotify.com/about,0
https://blog.youtube.com/contact,0
http://login-4320.top/verify-account/verify_user_credentials_session_id_54216_secure_token_abc,1
http://login-6296.top/support-desk/verify_user_credentials_session_id_37815_secure_token_abc,1
http://91.145.233.245/verify,1
https://support.quora.com/blog/2026/08/article,0
https://youtube.com/products/item123,0
https://www.netflix.free-giftcard.account-security-alert-check.ga/index.html?ref=login,1
https://140.241.76.94/signin.html,1
https://twitter.com/blog/2026/08/article,0
https://support.yahoo.com/user/profile,0
https://chase.com/api/v1/data,0
https://docs.medium.com/user/profile,0
https://www.spotify.com/search?q=cyber+security,0
http://google-security-update.xyz/signin,1
http://support.quora.com/user/profile,0
https://docs.wikipedia.org/terms-of-service,0
https://blog.spotify.com/products/item123,0
https://paypal-security-update.top/signin,1
https://api.wellsfargo.com/search?q=cyber+security,0
http://64.66.210.203/bank/account,1
http://chase.com@attacker-439.xyz/login.php,1
https://google-security-update.gq/signin,1
https://support.medium.com/api/v1/data,0
https://www.spotify.com/terms-of-service,0
https://www.facebook.com/products/item123,0
https://docs.spotify.com/contact,0
https://docs.cnn.com/download/version1,0
https://login-9946.top/account-verification/verify_user_credentials_session_id_23294_secure_token_abc,1
http://www.apple.wallet-connect.account-security-alert-check.ml/index.html?ref=login,1
https://blog.microsoft.com/user/profile,0
https://166.37.148.172/login,1
https://27.140.134.149/auth,1
https://netflix-security-update.online/signin,1
http://www.paypal.confirm-identity.account-security-alert-check.tk/index.html?ref=login,1
https://www.quora.com/search?q=cyber+security,0
https://reddit.com/api/v1/data,0
https://106.48.237.170/auth,1
https://spotify.com/terms-of-service,0
https://blog.google.com/,0
https://www.bankofamerica.com,0
http://www.adobe.com/,0
http://blog.bankofamerica.com/docs/guide,0
https://www.imdb.com/about,0
http://blog.imdb.com/help/center,0
http://api.wellsfargo.com/settings/account,0
https://bing.com,0
http://netflix-security-update.info/signin,1
https://login-7302.top/claim-reward/verify_user_credentials_session_id_89822_secure_token_abc,1
https://login-9943.ga/verify-account/verify_user_credentials_session_id_52151_secure_token_abc,1
https://docs.youtube.com/api/v1/data,0
https://www.quora.com/docs/guide,0
https://www.youtube.com,0
https://199.122.164.185/login,1
https://google.com@attacker-908.xyz/login.php,1
https://docs.wellsfargo.com/products/item123,0
http://63.75.147.4/bank/account,1
http://www.apple.confirm-identity.account-security-alert-check.club/index.html?ref=login,1
https://api.adobe.com/user/profile,0
https://api.reddit.com/help/center,0
http://netflix-security-update.ml/signin,1
https://login-1567.gq/secure-login/verify_user_credentials_session_id_88087_secure_token_abc,1
https://www.nytimes.com/help/center,0
http://apple.com,0
https://support.github.com/blog/2026/08/article,0
https://api.reddit.com/settings/account,0
http://medium.com/contact,0
https://login-5723.info/confirm-identity/verify_user_credentials_session_id_15322_secure_token_abc,1
https://api.amazon.com/search?q=cyber+security,0
http://login-3374.xyz/paypal-update/verify_user_credentials_session_id_72288_secure_token_abc,1
https://www.bbc.com/,0
https://blog.apple.com/download/version1,0
https://amazon-security-update.club/signin,1
https://support.chase.com/settings/account,0
http://55.140.225.105/bank/account,1
https://www.adobe.com/blog/2026/08/article,0
http://login-3955.info/update-billing/verify_user_credentials_session_id_62632_secure_token_abc,1
https://10.74.16.171/auth,1
http://chase.com@attacker-911.club/login.php,1
http://chase.com@attacker-367.xyz/login.php,1
https://api.quora.com,0
http://www.amazon.claim-reward.account-security-alert-check.tk/index.html?ref=login,1
https://chase.com@attacker-865.xyz/login.php,1
http://amazon-security-update.site/signin,1
http://paypal.com@attacker-713.ga/login.php,1
http://google.com@attacker-834.club/login.php,1
https://support.quora.com/user/profile,0
https://api.wordpress.org/about,0
https://blog.yahoo.com/contact,0
http://bankofamerica.com/terms-of-service,0
http://183.104.97.243/bank/account,1
https://support.spotify.com/download/version1,0
https://support.netflix.com/,0
https://docs.bbc.com/help/center,0
https://blog.dropbox.com/api/v1/data,0
https://login-2626.ga/confirm-identity/verify_user_credentials_session_id_94815_secure_token_abc,1
https://paypal-security-update.club/signin,1
https://login-7065.info/update-billing/verify_user_credentials_session_id_82733_secure_token_abc,1
https://api.medium.com/help/center,0
https://support.medium.com/help/center,0
https://medium.com/docs/guide,0
https://support.youtube.com/blog/2026/08/article,0
https://www.apple.com,0
https://docs.instagram.com/api/v1/data,0
http://google.com@attacker-443.ml/login.php,1
https://support.microsoft.com/blog/2026/08/article,0
https://blog.dropbox.com/products/item123,0
https://chase-security-update.club/signin,1
http://214.66.91.224/login,1
http://paypal.com@attacker-924.online/login.php,1
https://support.linkedin.com/contact,0
http://paypal-security-update.xyz/signin,1
http://233.56.252.39/login,1
http://paypal.com@attacker-173.site/login.php,1
https://support.github.com/contact,0
http://docs.bankofamerica.com,0
https://quora.com/docs/guide,0
http://bankofamerica.com@attacker-440.site/login.php,1
https://chase-security-update.gq/signin,1
http://login-1982.xyz/confirm-identity/verify_user_credentials_session_id_44046_secure_token_abc,1
https://login-8251.ga/secure-login/verify_user_credentials_session_id_11303_secure_token_abc,1
https://login-9231.xyz/account-verification/verify_user_credentials_session_id_60905_secure_token_abc,1
https://www.bbc.com/user/profile,0
http://docs.facebook.com/download/version1,0
https://www.wordpress.org/download/version1,0
https://api.wellsfargo.com/blog/2026/08/article,0
http://google.com@attacker-312.gq/login.php,1
https://www.apple.security-alert.account-security-alert-check.online/index.html?ref=login,1
https://www.netflix.password-reset.account-security-alert-check.tk/index.html?ref=login,1
https://login-1108.info/security-alert/verify_user_credentials_session_id_28214_secure_token_abc,1
https://support.amazon.com/contact,0
https://223.176.210.68/signin.html,1
http://google.com@attacker-115.club/login.php,1
https://login-6008.online/account-verification/verify_user_credentials_session_id_29974_secure_token_abc,1
https://bankofamerica.com@attacker-629.ml/login.php,1
http://www.apple.com/,0
http://www.netflix.verify-account.account-security-alert-check.ga/index.html?ref=login,1
http://google.com@attacker-772.cf/login.php,1
https://google-security-update.tk/signin,1
https://support.paypal.com/user/profile,0
https://bing.com/api/v1/data,0
http://paypal-security-update.site/signin,1
https://api.cnn.com/user/profile,0
https://paypal.com@attacker-192.ga/login.php,1
https://www.nytimes.com/search?q=cyber+security,0
https://www.apple.paypal-update.account-security-alert-check.tk/index.html?ref=login,1
https://blog.quora.com/terms-of-service,0
https://blog.apple.com/user/profile,0
https://support.instagram.com/about,0
https://bbc.com/download/version1,0
http://blog.wordpress.org/products/item123,0
https://www.netflix.free-giftcard.account-security-alert-check.info/index.html?ref=login,1
https://www.bbc.com/docs/guide,0
http://7.235.169.10/login,1
https://blog.yahoo.com/products/item123,0
http://netflix-security-update.top/signin,1
https://login-7931.ml/paypal-update/verify_user_credentials_session_id_65382_secure_token_abc,1
https://support.quora.com/products/item123,0
https://blog.twitter.com/help/center,0
http://google-security-update.ga/signin,1
https://support.reddit.com/help/center,0
https://www.microsoft.password-reset.account-security-alert-check.ml/index.html?ref=login,1
https://docs.quora.com/,0
http://www.netflix.signin-portal.account-security-alert-check.ga/index.html?ref=login,1
https://chase.com@attacker-924.club/login.php,1
http://google.com@attacker-129.tk/login.php,1
https://support.medium.com/contact,0
https://www.amazon.com/blog/2026/08/article,0
https://www.chase.com/about,0
https://chase-security-update.info/signin,1
https://login-1149.top/paypal-update/verify_user_credentials_session_id_48393_secure_token_abc,1
https://116.161.192.114/signin.html,1
https://37.212.86.179/bank/account,1
https://paypal.com@attacker-298.ml/login.php,1
https://paypal.com@attacker-757.gq/login.php,1
https://login-5053.gq/bank-security/verify_user_credentials_session_id_68085_secure_token_abc,1
https://login-4304.site/secure-login/verify_user_credentials_session_id_77915_secure_token_abc,1
http://bankofamerica.com@attacker-282.top/login.php,1
https://paypal.com@attacker-280.top/login.php,1
http://paypal-security-update.tk/signin,1
https://api.bankofamerica.com/help/center,0
http://www.amazon.paypal-update.account-security-alert-check.info/index.html?ref=login,1
http://bankofamerica.com@attacker-634.top/login.php,1
https://blog.dropbox.com/blog/2026/08/article,0
http://52.191.79.194/login,1
https://docs.cnn.com/contact,0
https://blog.instagram.com/,0
https://login-2605.club/password-reset/verify_user_credentials_session_id_74918_secure_token_abc,1
http://chase.com/blog/2026/08/article,0
http://115.82.51.55/auth,1
http://login-8907.info/wallet-connect/verify_user_credentials_session_id_30195_secure_token_abc,1
http://login-1040.ga/secure-login/verify_user_credentials_session_id_44429_secure_token_abc,1
https://api.bankofamerica.com/,0
https://www.linkedin.com/docs/guide,0
https://174.13.91.98/auth,1
https://support.linkedin.com/help/center,0
http://login-7649.xyz/claim-reward/verify_user_credentials_session_id_55224_secure_token_abc,1
http://195.113.1.88/bank/account,1
http://amazon-security-update.ga/signin,1
http://www.netflix.confirm-identity.account-security-alert-check.ga/index.html?ref=login,1
https://google.com@attacker-556.ml/login.php,1
https://api.linkedin.com/terms-of-service,0
http://google.com@attacker-755.gq/login.php,1
https://medium.com/api/v1/data,0
https://login-5093.ml/claim-reward/verify_user_credentials_session_id_70560_secure_token_abc,1
https://instagram.com/api/v1/data,0
https://wordpress.org/terms-of-service,0
https://blog.stackoverflow.com/,0
https://www.instagram.com/terms-of-service,0
https://174.44.201.50/signin.html,1
https://blog.twitter.com/download/version1,0
https://chase.com@attacker-673.online/login.php,1
https://login-2511.tk/verify-account/verify_user_credentials_session_id_65690_secure_token_abc,1
https://api.facebook.com/settings/account,0
https://api.quora.com/blog/2026/08/article,0
https://blog.nytimes.com/terms-of-service,0
https://twitter.com/user/profile,0
https://www.apple.update-billing.account-security-alert-check.online/index.html?ref=login,1
https://www.netflix.free-giftcard.account-security-alert-check.ml/index.html?ref=login,1
https://blog.nytimes.com/products/item123,0
http://chase.com@attacker-358.ga/login.php,1
https://docs.dropbox.com/download/version1,0
https://www.netflix.verify-account.account-security-alert-check.xyz/index.html?ref=login,1
https://amazon-security-update.gq/signin,1
https://225.152.160.151/signin.html,1
https://89.182.210.90/login,1
http://api.yahoo.com/api/v1/data,0
https://www.amazon.bank-security.account-security-alert-check.ga/index.html?ref=login,1
https://login-3846.ga/security-alert/verify_user_credentials_session_id_41005_secure_token_abc,1
http://docs.twitter.com/,0
https://www.paypal.password-reset.account-security-alert-check.club/index.html?ref=login,1
https://api.stackoverflow.com/settings/account,0
http://login-5237.info/confirm-identity/verify_user_credentials_session_id_33995_secure_token_abc,1
https://google.com@attacker-518.ga/login.php,1
http://login-5583.top/verify-account/verify_user_credentials_session_id_27987_secure_token_abc,1
https://api.linkedin.com,0
https://bing.com/,0
https://paypal.com@attacker-395.club/login.php,1
https://support.medium.com/about,0
https://google-security-update.club/signin,1
http://api.stackoverflow.com/,0
http://google.com@attacker-927.cf/login.php,1
https://api.apple.com/,0
https://api.yahoo.com/api/v1/data,0
https://paypal.com@attacker-603.cf/login.php,1
https://support.bankofamerica.com/user/profile,0
https://cnn.com/docs/guide,0
https://www.apple.support-desk.account-security-alert-check.ml/index.html?ref=login,1
https://44.10.166.10/signin.html,1
http://paypal.com@attacker-400.top/login.php,1
https://blog.stackoverflow.com/settings/account,0
https://106.18.0.212/login,1
http://paypal-security-update.info/signin,1
https://www.microsoft.password-reset.account-security-alert-check.site/index.html?ref=login,1
http://api.github.com/search?q=cyber+security,0
https://bankofamerica.com@attacker-200.ga/login.php,1
https://bankofamerica.com@attacker-164.info/login.php,1
http://www.apple.confirm-identity.account-security-alert-check.info/index.html?ref=login,1
https://docs.dropbox.com/settings/account,0
https://www.dropbox.com/api/v1/data,0
https://www.bing.com/,0
http://50.169.173.237/signin.html,1
https://wikipedia.org/about,0
https://docs.reddit.com/blog/2026/08/article,0
https://chase.com@attacker-495.xyz/login.php,1
http://api.spotify.com/search?q=cyber+security,0
https://api.medium.com/download/version1,0
https://docs.bankofamerica.com/,0
https://www.netflix.update-billing.account-security-alert-check.ga/index.html?ref=login,1
http://api.apple.com/products/item123,0
https://docs.apple.com/contact,0
https://blog.twitter.com/api/v1/data,0
https://157.100.96.31/signin.html,1
http://api.github.com/contact,0
https://www.wellsfargo.com/search?q=cyber+security,0
https://www.netflix.paypal-update.account-security-alert-check.ml/index.html?ref=login,1
http://google.com@attacker-739.gq/login.php,1
https://support.adobe.com/terms-of-service,0
https://www.netflix.update-billing.account-security-alert-check.gq/index.html?ref=login,1
https://support.wordpress.org/user/profile,0
http://login-9614.cf/unusual-activity/verify_user_credentials_session_id_92674_secure_token_abc,1
http://paypal.com/about,0
http://login-2914.xyz/paypal-update/verify_user_credentials_session_id_15788_secure_token_abc,1
https://www.apple.signin-portal.account-security-alert-check.club/index.html?ref=login,1
https://blog.github.com/user/profile,0
http://www.amazon.wallet-connect.account-security-alert-check.ga/index.html?ref=login,1
http://login-8204.club/paypal-update/verify_user_credentials_session_id_44524_secure_token_abc,1
https://login-9108.tk/verify-account/verify_user_credentials_session_id_67870_secure_token_abc,1
https://www.paypal.wallet-connect.account-security-alert-check.ml/index.html?ref=login,1
https://blog.github.com/search?q=cyber+security,0
https://google.com@attacker-833.xyz/login.php,1
https://support.github.com,0
https://login-4869.ga/claim-reward/verify_user_credentials_session_id_96849_secure_token_abc,1
http://www.amazon.wallet-connect.account-security-alert-check.top/index.html?ref=login,1
http://login-4300.ga/account-verification/verify_user_credentials_session_id_54663_secure_token_abc,1
https://blog.wikipedia.org/api/v1/data,0
https://160.177.229.179/signin.html,1
http://login-6855.ml/password-reset/verify_user_credentials_session_id_52777_secure_token_abc,1
http://google-security-update.cf/signin,1
https://support.adobe.com/blog/2026/08/article,0
http://13.59.213.114/signin.html,1
https://docs.apple.com/docs/guide,0
https://www.netflix.claim-reward.account-security-alert-check.tk/index.html?ref=login,1
http://147.82.68.162/auth,1
https://support.netflix.com/blog/2026/08/article,0
https://support.facebook.com/contact,0
https://support.twitter.com/terms-of-service,0
https://175.218.88.91/verify,1
https://cnn.com/products/item123,0
https://chase.com/contact,0
http://www.netflix.wallet-connect.account-security-alert-check.info/index.html?ref=login,1
http://185.249.223.250/verify,1
https://169.250.131.13/bank/account,1
https://129.156.85.17/login,1
https://231.27.0.181/auth,1
http://bbc.com/docs/guide,0
https://250.134.120.159/signin.html,1
https://www.microsoft.password-reset.account-security-alert-check.tk/index.html?ref=login,1
https://www.adobe.com/about,0
https://login-9535.club/confirm-identity/verify_user_credentials_session_id_64262_secure_token_abc,1
https://bankofamerica.com@attacker-461.info/login.php,1
https://google.com@attacker-894.cf/login.php,1
https://docs.facebook.com/help/center,0
https://api.cnn.com/download/version1,0
https://blog.microsoft.com/,0
https://www.paypal.com/user/profile,0
https://225.198.15.242/auth,1
https://www.google.com/products/item123,0
http://bankofamerica.com@attacker-746.site/login.php,1
https://docs.bing.com/blog/2026/08/article,0
https://nytimes.com/settings/account,0
https://dropbox.com/settings/account,0
https://docs.paypal.com/products/item123,0
https://blog.chase.com/about,0
https://paypal.com@attacker-104.club/login.php,1
https://docs.microsoft.com/,0
https://docs.bbc.com/settings/account,0
https://www.paypal.bank-security.account-security-alert-check.tk/index.html?ref=login,1
https://bbc.com/help/center,0
https://login-3821.gq/secure-login/verify_user_credentials_session_id_62818_secure_token_abc,1
https://www.netflix.bank-security.account-security-alert-check.ga/index.html?ref=login,1
https://api.netflix.com/search?q=cyber+security,0
http://docs.apple.com/download/version1,0
https://support.stackoverflow.com/about,0
https://blog.bing.com/api/v1/data,0
http://www.paypal.update-billing.account-security-alert-check.online/index.html?ref=login,1
http://blog.youtube.com/about,0
https://login-3093.site/update-billing/verify_user_credentials_session_id_49375_secure_token_abc,1
https://support.medium.com/blog/2026/08/article,0
https://www.reddit.com/api/v1/data,0
https://api.github.com/blog/2026/08/article,0
http://210.7.111.184/verify,1
https://blog.wikipedia.org/user/profile,0
https://support.nytimes.com/terms-of-service,0
http://35.7.97.29/login,1
http://login-1894.tk/support-desk/verify_user_credentials_session_id_94331_secure_token_abc,1
https://api.yahoo.com/about,0
https://google.com@attacker-575.info/login.php,1
https://www.microsoft.claim-reward.account-security-alert-check.tk/index.html?ref=login,1
https://api.bankofamerica.com/about,0
http://blog.apple.com/terms-of-service,0
https://login-5314.info/support-desk/verify_user_credentials_session_id_58118_secure_token_abc,1
https://150.124.103.76/auth,1
https://youtube.com/help/center,0
https://blog.cnn.com/products/item123,0
https://www.apple.secure-login.account-security-alert-check.club/index.html?ref=login,1
https://52.138.27.120/login,1
https://paypal.com@attacker-890.gq/login.php,1
https://paypal.com/about,0
https://www.bing.com/api/v1/data,0
https://127.59.197.73/signin.html,1
https://www.amazon.unusual-activity.account-security-alert-check.cf/index.html?ref=login,1
http://dropbox.com/settings/account,0
http://login-9857.top/update-billing/verify_user_credentials_session_id_38624_secure_token_abc,1
https://api.twitter.com/settings/account,0
https://www.wordpress.org/api/v1/data,0
http://netflix-security-update.xyz/signin,1
http://docs.wordpress.org/,0
https://www.netflix.wallet-connect.account-security-alert-check.info/index.html?ref=login,1
http://chase-security-update.xyz/signin,1
https://api.facebook.com/about,0
http://netflix-security-update.cf/signin,1
https://blog.google.com/user/profile,0
https://api.linkedin.com/settings/account,0
https://chase.com@attacker-473.top/login.php,1
http://chase.com@attacker-827.info/login.php,1
http://docs.facebook.com/user/profile,0
https://login-3267.gq/update-billing/verify_user_credentials_session_id_58114_secure_token_abc,1
https://support.amazon.com/,0
https://www.chase.com/docs/guide,0
https://docs.instagram.com/about,0
https://amazon.com/search?q=cyber+security,0
http://login-9346.top/password-reset/verify_user_credentials_session_id_82358_secure_token_abc,1
https://login-2148.info/signin-portal/verify_user_credentials_session_id_39602_secure_token_abc,1
http://google.com@attacker-265.cf/login.php,1
http://94.236.75.62/verify,1
https://blog.yahoo.com/settings/account,0
https://apple.com/about,0
http://paypal.com@attacker-789.top/login.php,1
http://twitter.com/docs/guide,0
http://login-7385.top/update-billing/verify_user_credentials_session_id_38913_secure_token_abc,1
http://support.nytimes.com/help/center,0
http://210.67.8.123/bank/account,1
https://docs.google.com/search?q=cyber+security,0
https://www.microsoft.security-alert.account-security-alert-check.xyz/index.html?ref=login,1
https://168.160.6.181/auth,1
https://www.nytimes.com/,0
https://blog.cnn.com/search?q=cyber+security,0
http://242.189.60.155/signin.html,1
https://docs.bing.com/api/v1/data,0
https://www.paypal.update-billing.account-security-alert-check.info/index.html?ref=login,1
http://65.196.158.164/bank/account,1
http://chase.com@attacker-805.info/login.php,1
https://blog.microsoft.com,0
https://www.paypal.wallet-connect.account-security-alert-check.gq/index.html?ref=login,1
https://www.dropbox.com/products/item123,0
https://bankofamerica.com@attacker-693.cf/login.php,1
http://paypal.com@attacker-313.site/login.php,1
http://255.162.64.113/bank/account,1
https://docs.github.com/settings/account,0
http://support.twitter.com/help/center,0
https://www.microsoft.update-billing.account-security-alert-check.tk/index.html?ref=login,1
https://support.facebook.com/docs/guide,0
http://181.230.185.22/auth,1
https://support.dropbox.com/search?q=cyber+security,0
https://blog.spotify.com/blog/2026/08/article,0
https://google-security-update.site/signin,1
http://www.paypal.secure-login.account-security-alert-check.tk/index.html?ref=login,1
http://login-7648.ml/paypal-update/verify_user_credentials_session_id_88415_secure_token_abc,1
https://blog.quora.com/blog/2026/08/article,0
https://support.microsoft.com/products/item123,0
http://148.255.109.170/signin.html,1
https://blog.bing.com,0
http://api.quora.com/user/profile,0
https://www.instagram.com/api/v1/data,0
https://www.apple.com/terms-of-service,0
https://api.twitter.com/help/center,0
http://paypal-security-update.ml/signin,1
https://login-8326.cf/signin-portal/verify_user_credentials_session_id_36956_secure_token_abc,1
http://login-2158.top/support-desk/verify_user_credentials_session_id_53634_secure_token_abc,1
http://www.netflix.verify-account.account-security-alert-check.site/index.html?ref=login,1
https://blog.cnn.com/,0
https://login-1852.ga/wallet-connect/verify_user_credentials_session_id_61000_secure_token_abc,1
http://netflix.com/help/center,0
https://netflix.com/terms-of-service,0
http://www.amazon.signin-portal.account-security-alert-check.online/index.html?ref=login,1
http://login-5806.top/security-alert/verify_user_credentials_session_id_64638_secure_token_abc,1
https://support.microsoft.com/docs/guide,0
http://google.com@attacker-260.online/login.php,1
http://www.apple.update-billing.account-security-alert-check.ga/index.html?ref=login,1
https://docs.facebook.com/user/profile,0
https://www.apple.free-giftcard.account-security-alert-check.club/index.html?ref=login,1
https://30.6.87.168/signin.html,1
http://236.171.178.226/signin.html,1
https://stackoverflow.com,0
https://www.spotify.com/api/v1/data,0
https://96.161.252.230/auth,1
https://spotify.com/search?q=cyber+security,0
https://paypal.com@attacker-670.info/login.php,1
http://www.microsoft.confirm-identity.account-security-alert-check.ga/index.html?ref=login,1
https://www.bing.com/about,0
http://162.227.69.1/signin.html,1
http://www.microsoft.password-reset.account-security-alert-check.info/index.html?ref=login,1
https://docs.instagram.com/search?q=cyber+security,0
http://docs.spotify.com/settings/account,0
https://support.linkedin.com/about,0
https://paypal.com@attacker-884.site/login.php,1
http://www.microsoft.bank-security.account-security-alert-check.ml/index.html?ref=login,1
https://docs.linkedin.com/blog/2026/08/article,0
https://77.2.232.87/verify,1
https://blog.github.com/about,0
http://www.apple.support-desk.account-security-alert-check.info/index.html?ref=login,1
http://login-3435.tk/bank-security/verify_user_credentials_session_id_40128_secure_token_abc,1
https://api.stackoverflow.com/,0
https://www.dropbox.com/about,0
https://blog.youtube.com/api/v1/data,0
https://support.cnn.com/api/v1/data,0
http://41.139.69.8/bank/account,1
https://login-1781.top/paypal-update/verify_user_credentials_session_id_22972_secure_token_abc,1
https://paypal.com@attacker-505.xyz/login.php,1
https://wordpress.org/products/item123,0
https://78.165.69.250/verify,1
https://116.241.11.85/verify,1
https://29.179.245.119/verify,1
http://246.49.51.186/verify,1
http://docs.adobe.com/about,0
https://blog.github.com,0
https://www.microsoft.password-reset.account-security-alert-check.xyz/index.html?ref=login,1
https://api.cnn.com/,0
https://imdb.com/products/item123,0
https://api.microsoft.com/settings/account,0
https://login-5525.info/support-desk/verify_user_credentials_session_id_70051_secure_token_abc,1
https://chase.com@attacker-370.club/login.php,1
http://login-8671.top/paypal-update/verify_user_credentials_session_id_20378_secure_token_abc,1
https://docs.medium.com/search?q=cyber+security,0
http://86.239.23.27/auth,1
https://login-9425.cf/bank-security/verify_user_credentials_session_id_63422_secure_token_abc,1
https://chase.com/user/profile,0
http://bankofamerica.com@attacker-633.site/login.php,1
http://bankofamerica.com@attacker-938.info/login.php,1
https://paypal.com@attacker-333.cf/login.php,1
https://yahoo.com/api/v1/data,0
http://www.apple.secure-login.account-security-alert-check.ga/index.html?ref=login,1
http://238.165.26.199/auth,1
https://docs.microsoft.com/docs/guide,0
https://login-2817.ml/support-desk/verify_user_credentials_session_id_90028_secure_token_abc,1
https://paypal.com@attacker-998.info/login.php,1
https://paypal.com@attacker-436.tk/login.php,1
https://support.yahoo.com/api/v1/data,0
http://www.amazon.paypal-update.account-security-alert-check.online/index.html?ref=login,1
https://api.bankofamerica.com/terms-of-service,0
http://chase.com@attacker-716.site/login.php,1
https://support.wordpress.org,0
https://www.youtube.com/blog/2026/08/article,0
http://login-1994.xyz/password-reset/verify_user_credentials_session_id_83140_secure_token_abc,1
https://api.apple.com/products/item123,0
https://www.facebook.com/,0
https://login-7660.ml/account-verification/verify_user_credentials_session_id_80244_secure_token_abc,1
https://docs.quora.com/settings/account,0
https://support.bbc.com/search?q=cyber+security,0
https://yahoo.com/,0
https://blog.instagram.com/settings/account,0
https://docs.twitter.com/contact,0
https://bankofamerica.com@attacker-599.ml/login.php,1
http://login-5694.club/signin-portal/verify_user_credentials_session_id_92799_secure_token_abc,1
https://www.imdb.com/settings/account,0
https://paypal.com@attacker-952.xyz/login.php,1
https://apple.com/blog/2026/08/article,0
https://bing.com/search?q=cyber+security,0
https://bbc.com/api/v1/data,0
http://bankofamerica.com@attacker-882.tk/login.php,1
https://www.netflix.secure-login.account-security-alert-check.xyz/index.html?ref=login,1
https://spotify.com/products/item123,0
https://yahoo.com/docs/guide,0
https://docs.bing.com/help/center,0
https://support.nytimes.com/settings/account,0
http://42.198.206.73/verify,1
https://api.bing.com/contact,0
https://230.186.46.102/verify,1
https://www.github.com/download/version1,0
http://130.68.201.20/auth,1
https://paypal.com@attacker-232.online/login.php,1
http://spotify.com,0
https://blog.amazon.com/user/profile,0
https://reddit.com/search?q=cyber+security,0
https://chase-security-update.xyz/signin,1
https://api.facebook.com,0
https://docs.microsoft.com/user/profile,0
https://adobe.com/contact,0
https://www.paypal.com/api/v1/data,0
https://chase.com@attacker-720.site/login.php,1
http://bankofamerica.com@attacker-263.ga/login.php,1
https://support.apple.com/blog/2026/08/article,0
https://api.medium.com/search?q=cyber+security,0
http://www.apple.paypal-update.account-security-alert-check.club/index.html?ref=login,1
http://www.paypal.account-verification.account-security-alert-check.site/index.html?ref=login,1
https://login-7857.top/paypal-update/verify_user_credentials_session_id_60891_secure_token_abc,1
https://api.medium.com/user/profile,0
http://blog.adobe.com/download/version1,0
http://api.cnn.com/help/center,0
https://api.youtube.com/api/v1/data,0
https://www.quora.com/api/v1/data,0
https://www.cnn.com/about,0
https://www.paypal.claim-reward.account-security-alert-check.ga/index.html?ref=login,1
https://login-3865.info/signin-portal/verify_user_credentials_session_id_70570_secure_token_abc,1
https://amazon-security-update.info/signin,1
https://google-security-update.xyz/signin,1
https://api.microsoft.com/search?q=cyber+security,0
https://www.apple.password-reset.account-security-alert-check.cf/index.html?ref=login,1
https://api.chase.com/contact,0
https://apple.com/settings/account,0
https://paypal.com@attacker-254.site/login.php,1
https://login-6629.cf/update-billing/verify_user_credentials_session_id_48687_secure_token_abc,1
http://184.222.232.212/signin.html,1
http://login-6483.gq/password-reset/verify_user_credentials_session_id_57312_secure_token_abc,1
https://www.reddit.com/help/center,0
https://support.apple.com/api/v1/data,0
https://223.101.89.251/bank/account,1
http://docs.bing.com/download/version1,0
https://docs.cnn.com/search?q=cyber+security,0
http://login-9872.xyz/bank-security/verify_user_credentials_session_id_93354_secure_token_abc,1
https://122.78.105.178/login,1
http://docs.reddit.com/,0
https://blog.github.com/api/v1/data,0
https://api.paypal.com/products/item123,0
https://docs.netflix.com/about,0
http://docs.amazon.com/products/item123,0
https://support.apple.com/download/version1,0
http://bbc.com/about,0
https://docs.cnn.com/terms-of-service,0
https://www.netflix.update-billing.account-security-alert-check.online/index.html?ref=login,1
https://docs.adobe.com/,0
http://www.netflix.update-billing.account-security-alert-check.top/index.html?ref=login,1
https://docs.imdb.com/products/item123,0
https://api.amazon.com/help/center,0
https://support.yahoo.com/contact,0
https://www.amazon.unusual-activity.account-security-alert-check.tk/index.html?ref=login,1
https://docs.wikipedia.org/settings/account,0
https://bankofamerica.com@attacker-740.xyz/login.php,1
https://blog.bbc.com/terms-of-service,0
http://219.109.113.166/verify,1
https://blog.microsoft.com/docs/guide,0
https://docs.github.com/docs/guide,0
https://api.imdb.com/about,0
https://support.stackoverflow.com/products/item123,0
https://bankofamerica.com@attacker-300.ga/login.php,1
https://www.netflix.com/search?q=cyber+security,0
https://chase.com@attacker-556.ga/login.php,1
http://login-7391.ml/paypal-update/verify_user_credentials_session_id_92656_secure_token_abc,1
https://blog.apple.com/help/center,0
http://www.microsoft.free-giftcard.account-security-alert-check.ml/index.html?ref=login,1
https://docs.apple.com/terms-of-service,0
https://www.yahoo.com,0
https://www.paypal.unusual-activity.account-security-alert-check.site/index.html?ref=login,1
http://login-7912.tk/password-reset/verify_user_credentials_session_id_25264_secure_token_abc,1
https://128.255.2.156/signin.html,1
https://chase.com@attacker-472.tk/login.php,1
https://230.77.53.181/login,1
https://api.dropbox.com/blog/2026/08/article,0
https://support.yahoo.com/search?q=cyber+security,0
https://login-9202.ml/verify-account/verify_user_credentials_session_id_33562_secure_token_abc,1
https://www.apple.confirm-identity.account-security-alert-check.ml/index.html?ref=login,1
http://www.amazon.verify-account.account-security-alert-check.xyz/index.html?ref=login,1
http://www.google.com/search?q=cyber+security,0
http://www.paypal.secure-login.account-security-alert-check.site/index.html?ref=login,1
http://login-8393.ml/update-billing/verify_user_credentials_session_id_14379_secure_token_abc,1
https://www.netflix.account-verification.account-security-alert-check.ml/index.html?ref=login,1
https://api.youtube.com/search?q=cyber+security,0
https://chase.com/download/version1,0
http://login-5940.ml/security-alert/verify_user_credentials_session_id_14845_secure_token_abc,1
https://support.wordpress.org/contact,0
http://google.com@attacker-592.site/login.php,1
https://api.microsoft.com/help/center,0
https://www.quora.com,0
https://support.dropbox.com/products/item123,0
https://docs.microsoft.com/products/item123,0
https://www.instagram.com/download/version1,0
http://login-5097.top/bank-security/verify_user_credentials_session_id_11653_secure_token_abc,1
https://google.com@attacker-858.online/login.php,1
https://docs.microsoft.com/download/version1,0
https://login-3292.tk/unusual-activity/verify_user_credentials_session_id_95904_secure_token_abc,1
https://www.wikipedia.org/settings/account,0
https://www.apple.com/products/item123,0
https://api.chase.com/about,0
https://support.yahoo.com/help/center,0
http://94.174.41.216/signin.html,1
https://login-7782.tk/password-reset/verify_user_credentials_session_id_78298_secure_token_abc,1
http://chase.com@attacker-481.top/login.php,1
http://bankofamerica.com@attacker-466.ga/login.php,1
http://www.amazon.bank-security.account-security-alert-check.cf/index.html?ref=login,1
https://support.cnn.com/download/version1,0
https://bankofamerica.com@attacker-187.tk/login.php,1
https://api.twitter.com/blog/2026/08/article,0
http://blog.apple.com/settings/account,0
http://165.212.233.229/auth,1
https://support.google.com/docs/guide,0
https://docs.wellsfargo.com/blog/2026/08/article,0
https://www.amazon.wallet-connect.account-security-alert-check.xyz/index.html?ref=login,1
https://chase.com@attacker-468.club/login.php,1
http://82.74.15.196/bank/account,1
https://api.cnn.com/about,0
https://docs.cnn.com/about,0
https://api.netflix.com/about,0
https://docs.github.com/help/center,0
https://32.238.56.134/verify,1
https://api.chase.com/blog/2026/08/article,0
https://support.paypal.com/api/v1/data,0
https://docs.amazon.com/,0
http://chase.com@attacker-437.online/login.php,1
http://bankofamerica.com@attacker-481.site/login.php,1
https://blog.bbc.com/products/item123,0
https://chase.com@attacker-501.ga/login.php,1
https://api.paypal.com/settings/account,0
https://www.yahoo.com/products/item123,0
https://twitter.com/settings/account,0
https://www.facebook.com/settings/account,0
http://186.196.205.158/auth,1
http://www.microsoft.signin-portal.account-security-alert-check.ml/index.html?ref=login,1
https://wikipedia.org/help/center,0
http://15.85.132.237/verify,1
http://blog.reddit.com/help/center,0
https://support.google.com/terms-of-service,0
https://api.quora.com/products/item123,0
https://login-3187.gq/support-desk/verify_user_credentials_session_id_32738_secure_token_abc,1
http://www.apple.wallet-connect.account-security-alert-check.online/index.html?ref=login,1
https://243.43.110.115/auth,1
https://blog.github.com/help/center,0
https://login-7830.ga/confirm-identity/verify_user_credentials_session_id_28919_secure_token_abc,1
http://amazon-security-update.top/signin,1
https://docs.microsoft.com/help/center,0
https://api.bbc.com/terms-of-service,0
https://wikipedia.org,0
https://support.instagram.com/api/v1/data,0
https://chase-security-update.top/signin,1
https://medium.com/help/center,0
http://www.paypal.wallet-connect.account-security-alert-check.xyz/index.html?ref=login,1
https://www.bankofamerica.com/api/v1/data,0
https://docs.twitter.com,0
https://bankofamerica.com@attacker-451.gq/login.php,1
https://microsoft.com/help/center,0
https://docs.apple.com/,0
http://www.amazon.bank-security.account-security-alert-check.ga/index.html?ref=login,1
https://docs.instagram.com/contact,0
https://login-4860.club/free-giftcard/verify_user_credentials_session_id_49171_secure_token_abc,1
https://nytimes.com,0
https://api.amazon.com/user/profile,0
http://237.156.170.126/signin.html,1
http://www.microsoft.bank-security.account-security-alert-check.info/index.html?ref=login,1
http://login-8096.top/update-billing/verify_user_credentials_session_id_75028_secure_token_abc,1
http://paypal.com@attacker-192.info/login.php,1
http://login-8076.gq/bank-security/verify_user_credentials_session_id_61684_secure_token_abc,1
https://docs.wordpress.org/docs/guide,0
http://www.netflix.paypal-update.account-security-alert-check.online/index.html?ref=login,1
https://login-7156.ml/verify-account/verify_user_credentials_session_id_10867_secure_token_abc,1
https://support.google.com/blog/2026/08/article,0
http://195.249.118.17/bank/account,1
https://support.wordpress.org/blog/2026/08/article,0
http://login-4860.cf/claim-reward/verify_user_credentials_session_id_25401_secure_token_abc,1
http://paypal.com@attacker-915.info/login.php,1
https://bankofamerica.com@attacker-280.ga/login.php,1
https://paypal.com@attacker-122.ga/login.php,1
http://chase-security-update.top/signin,1
http://134.3.192.168/verify,1
http://login-4425.online/confirm-identity/verify_user_credentials_session_id_17626_secure_token_abc,1
https://support.yahoo.com/terms-of-service,0
https://support.linkedin.com/docs/guide,0
https://paypal-security-update.tk/signin,1
http://login-6904.cf/security-alert/verify_user_credentials_session_id_45910_secure_token_abc,1
http://191.199.121.131/bank/account,1
http://99.226.126.189/login,1
https://www.wellsfargo.com/,0
http://www.facebook.com/docs/guide,0
http://google.com@attacker-914.info/login.php,1
https://support.bankofamerica.com/about,0
http://74.98.240.89/signin.html,1
https://94.238.20.94/bank/account,1
http://netflix-security-update.gq/signin,1
https://bankofamerica.com/about,0
https://www.microsoft.wallet-connect.account-security-alert-check.site/index.html?ref=login,1
https://google.com@attacker-292.info/login.php,1
https://api.wikipedia.org/terms-of-service,0
https://blog.facebook.com/products/item123,0
https://docs.netflix.com/help/center,0
https://www.apple.password-reset.account-security-alert-check.top/index.html?ref=login,1
https://login-4594.top/update-billing/verify_user_credentials_session_id_88753_secure_token_abc,1
http://bankofamerica.com@attacker-180.site/login.php,1
http://api.spotify.com/contact,0
https://docs.bbc.com/blog/2026/08/article,0
https://support.netflix.com/user/profile,0
https://support.paypal.com/contact,0
https://api.google.com,0
https://195.18.77.232/auth,1
http://login-7390.club/signin-portal/verify_user_credentials_session_id_44422_secure_token_abc,1
https://blog.adobe.com/search?q=cyber+security,0
http://www.microsoft.free-giftcard.account-security-alert-check.online/index.html?ref=login,1
https://223.197.118.251/signin.html,1
http://login-9470.info/security-alert/verify_user_credentials_session_id_51383_secure_token_abc,1
https://www.stackoverflow.com/products/item123,0
https://www.github.com/api/v1/data,0
https://www.amazon.free-giftcard.account-security-alert-check.xyz/index.html?ref=login,1
https://blog.google.com,0
http://paypal.com@attacker-809.top/login.php,1
https://170.138.184.222/login,1
http://google.com@attacker-933.gq/login.php,1
https://support.bing.com/docs/guide,0
https://docs.stackoverflow.com/,0
https://support.dropbox.com/about,0
https://support.quora.com/terms-of-service,0
https://api.nytimes.com/terms-of-service,0
http://blog.youtube.com/terms-of-service,0
http://bankofamerica.com@attacker-791.tk/login.php,1
https://www.yahoo.com/user/profile,0
https://google.com@attacker-393.site/login.php,1
https://www.microsoft.unusual-activity.account-security-alert-check.cf/index.html?ref=login,1
http://paypal.com@attacker-570.top/login.php,1
https://support.imdb.com,0
https://adobe.com/blog/2026/08/article,0
https://www.amazon.unusual-activity.account-security-alert-check.ml/index.html?ref=login,1
https://login-9379.gq/password-reset/verify_user_credentials_session_id_29316_secure_token_abc,1
https://www.paypal.confirm-identity.account-security-alert-check.xyz/index.html?ref=login,1
https://www.microsoft.free-giftcard.account-security-alert-check.tk/index.html?ref=login,1
https://www.dropbox.com/help/center,0
https://support.dropbox.com/,0
https://google.com@attacker-213.ga/login.php,1
https://api.twitter.com/terms-of-service,0
https://support.wikipedia.org/products/item123,0
https://api.netflix.com/download/version1,0
https://blog.apple.com/,0
https://www.paypal.account-verification.account-security-alert-check.tk/index.html?ref=login,1
https://adobe.com,0
https://blog.stackoverflow.com/products/item123,0
http://www.amazon.update-billing.account-security-alert-check.top/index.html?ref=login,1
http://bankofamerica.com@attacker-199.club/login.php,1
https://api.imdb.com/help/center,0
https://imdb.com/terms-of-service,0
https://www.apple.support-desk.account-security-alert-check.tk/index.html?ref=login,1
https://api.twitter.com/download/version1,0
https://api.wellsfargo.com/help/center,0
https://www.nytimes.com/terms-of-service,0
https://api.bbc.com/products/item123,0
https://api.chase.com/docs/guide,0
https://support.spotify.com/settings/account,0
https://support.twitter.com/docs/guide,0
http://google.com@attacker-812.tk/login.php,1
https://12.63.230.118/auth,1
https://microsoft.com/settings/account,0
https://www.wordpress.org/settings/account,0
http://www.netflix.secure-login.account-security-alert-check.ga/index.html?ref=login,1
http://www.netflix.security-alert.account-security-alert-check.tk/index.html?ref=login,1
https://blog.spotify.com/help/center,0
https://api.google.com/,0
http://www.netflix.wallet-connect.account-security-alert-check.gq/index.html?ref=login,1
https://support.chase.com/about,0
https://blog.youtube.com/user/profile,0
https://api.microsoft.com,0
http://paypal.com@attacker-234.ga/login.php,1
http://15.119.112.6/auth,1
https://www.imdb.com/products/item123,0
https://docs.bbc.com/docs/guide,0
https://quora.com/user/profile,0
https://www.netflix.unusual-activity.account-security-alert-check.xyz/index.html?ref=login,1
https://www.netflix.unusual-activity.account-security-alert-check.club/index.html?ref=login,1
http://chase.com@attacker-933.club/login.php,1
https://www.twitter.com/,0
https://support.linkedin.com/blog/2026/08/article,0
https://docs.bbc.com,0
http://2.201.43.79/verify,1
http://www.paypal.free-giftcard.account-security-alert-check.info/index.html?ref=login,1
https://support.dropbox.com/download/version1,0
https://support.stackoverflow.com/,0
https://api.nytimes.com/api/v1/data,0
https://144.144.152.176/login,1
https://paypal-security-update.xyz/signin,1
https://support.cnn.com/about,0
https://39.0.19.171/signin.html,1
http://www.amazon.verify-account.account-security-alert-check.site/index.html?ref=login,1
http://www.amazon.bank-security.account-security-alert-check.xyz/index.html?ref=login,1
https://login-7920.tk/security-alert/verify_user_credentials_session_id_78515_secure_token_abc,1
https://docs.instagram.com/settings/account,0
http://login-5770.club/bank-security/verify_user_credentials_session_id_62171_secure_token_abc,1
https://login-3683.top/paypal-update/verify_user_credentials_session_id_64289_secure_token_abc,1
https://docs.dropbox.com/search?q=cyber+security,0
https://facebook.com/contact,0
https://docs.bankofamerica.com/contact,0
https://www.microsoft.verify-account.account-security-alert-check.cf/index.html?ref=login,1
https://login-9037.tk/claim-reward/verify_user_credentials_session_id_49582_secure_token_abc,1
https://chase.com@attacker-448.xyz/login.php,1
https://apple.com/user/profile,0
https://docs.adobe.com/contact,0
https://api.amazon.com/terms-of-service,0
http://www.microsoft.account-verification.account-security-alert-check.online/index.html?ref=login,1
https://login-7474.top/unusual-activity/verify_user_credentials_session_id_86818_secure_token_abc,1
http://login-4714.ml/free-giftcard/verify_user_credentials_session_id_83660_secure_token_abc,1
http://28.16.30.121/login,1
https://bankofamerica.com@attacker-194.xyz/login.php,1
http://google-security-update.site/signin,1
https://docs.imdb.com/docs/guide,0
https://docs.stackoverflow.com/contact,0
https://support.github.com/products/item123,0
https://www.apple.wallet-connect.account-security-alert-check.info/index.html?ref=login,1
https://100.213.160.248/auth,1
http://paypal-security-update.top/signin,1
https://login-8993.cf/claim-reward/verify_user_credentials_session_id_17956_secure_token_abc,1
https://84.253.31.24/verify,1
https://api.bankofamerica.com/blog/2026/08/article,0
https://www.wellsfargo.com/blog/2026/08/article,0
http://bankofamerica.com@attacker-564.top/login.php,1
http://www.microsoft.password-reset.account-security-alert-check.club/index.html?ref=login,1
https://blog.chase.com/settings/account,0
https://api.netflix.com/contact,0
https://blog.linkedin.com/,0
http://login-3985.top/wallet-connect/verify_user_credentials_session_id_15932_secure_token_abc,1
https://yahoo.com/about,0
https://support.imdb.com/blog/2026/08/article,0
https://login-2275.info/free-giftcard/verify_user_credentials_session_id_42975_secure_token_abc,1
https://api.microsoft.com/user/profile,0
https://docs.microsoft.com/blog/2026/08/article,0
https://login-7773.cf/free-giftcard/verify_user_credentials_session_id_91379_secure_token_abc,1
http://bankofamerica.com@attacker-366.ga/login.php,1
https://api.apple.com/help/center,0
https://paypal.com@attacker-633.site/login.php,1
https://support.paypal.com/download/version1,0
http://bankofamerica.com@attacker-795.xyz/login.php,1
http://login-4396.online/confirm-identity/verify_user_credentials_session_id_64346_secure_token_abc,1
http://chase.com@attacker-461.gq/login.php,1
https://youtube.com,0
https://www.reddit.com/settings/account,0
https://docs.yahoo.com/api/v1/data,0
https://wordpress.org/docs/guide,0
https://bankofamerica.com@attacker-659.online/login.php,1
http://chase-security-update.site/signin,1
https://api.chase.com/download/version1,0
https://www.apple.wallet-connect.account-security-alert-check.online/index.html?ref=login,1
https://bbc.com/docs/guide,0
http://login-7958.club/bank-security/verify_user_credentials_session_id_46505_secure_token_abc,1
https://support.bbc.com/blog/2026/08/article,0
https://15.172.21.104/login,1
http://amazon-security-update.tk/signin,1
http://support.bing.com/docs/guide,0
https://support.bankofamerica.com/search?q=cyber+security,0
https://api.bbc.com/help/center,0
https://login-1276.top/account-verification/verify_user_credentials_session_id_98250_secure_token_abc,1
https://login-5287.info/claim-reward/verify_user_credentials_session_id_55038_secure_token_abc,1
http://paypal.com@attacker-502.online/login.php,1
http://www.github.com/download/version1,0
https://wellsfargo.com/api/v1/data,0
https://api.reddit.com/docs/guide,0
http://www.netflix.com,0
https://blog.cnn.com/contact,0
https://www.reddit.com/terms-of-service,0
https://blog.wikipedia.org/products/item123,0
https://www.netflix.signin-portal.account-security-alert-check.online/index.html?ref=login,1
http://paypal.com@attacker-905.info/login.php,1
http://amazon-security-update.info/signin,1
https://89.231.248.129/auth,1
https://linkedin.com/api/v1/data,0
https://blog.cnn.com/api/v1/data,0
https://linkedin.com,0
https://api.chase.com/terms-of-service,0
https://api.amazon.com,0
https://docs.instagram.com/download/version1,0
https://support.wellsfargo.com/products/item123,0
http://bankofamerica.com@attacker-296.ml/login.php,1
https://blog.amazon.com/docs/guide,0
http://login-1107.cf/free-giftcard/verify_user_credentials_session_id_81741_secure_token_abc,1
https://www.bing.com/blog/2026/08/article,0
https://login-1095.xyz/free-giftcard/verify_user_credentials_session_id_15747_secure_token_abc,1
https://www.facebook.com/about,0
https://api.nytimes.com/blog/2026/08/article,0
http://docs.medium.com/settings/account,0
https://api.wikipedia.org/help/center,0
http://bankofamerica.com@attacker-962.site/login.php,1
http://35.153.226.199/bank/account,1
https://api.spotify.com/api/v1/data,0
http://api.paypal.com/docs/guide,0
http://google.com@attacker-694.info/login.php,1
https://docs.netflix.com/search?q=cyber+security,0
http://netflix-security-update.online/signin,1
https://paypal.com/contact,0
http://248.182.202.132/login,1
https://blog.adobe.com,0
https://google.com@attacker-154.ml/login.php,1
http://150.113.142.51/login,1
https://www.twitter.com,0
https://login-7835.ga/support-desk/verify_user_credentials_session_id_47810_secure_token_abc,1
http://login-1317.ga/account-verification/verify_user_credentials_session_id_16505_secure_token_abc,1
https://amazon-security-update.top/signin,1
http://www.apple.password-reset.account-security-alert-check.site/index.html?ref=login,1
https://google.com@attacker-466.top/login.php,1
https://203.124.4.249/login,1
http://support.imdb.com/blog/2026/08/article,0
https://netflix-security-update.ml/signin,1
https://www.paypal.free-giftcard.account-security-alert-check.cf/index.html?ref=login,1
https://login-8130.info/signin-portal/verify_user_credentials_session_id_37684_secure_token_abc,1
https://google-security-update.cf/signin,1
http://220.226.198.3/signin.html,1
https://bankofamerica.com@attacker-797.gq/login.php,1
http://19.36.128.199/signin.html,1
https://blog.wordpress.org/blog/2026/08/article,0
https://login-9784.info/signin-portal/verify_user_credentials_session_id_94068_secure_token_abc,1
https://bankofamerica.com@attacker-478.ga/login.php,1
https://blog.microsoft.com/search?q=cyber+security,0
https://blog.dropbox.com/contact,0
https://support.bbc.com/docs/guide,0
http://login-6728.info/account-verification/verify_user_credentials_session_id_93558_secure_token_abc,1
http://191.128.103.159/signin.html,1
https://api.bbc.com/download/version1,0
http://bankofamerica.com@attacker-509.club/login.php,1
http://www.netflix.claim-reward.account-security-alert-check.ga/index.html?ref=login,1
https://239.30.30.92/verify,1
http://amazon-security-update.cf/signin,1
https://www.apple.unusual-activity.account-security-alert-check.ga/index.html?ref=login,1
https://chase.com@attacker-805.ml/login.php,1
https://www.microsoft.free-giftcard.account-security-alert-check.gq/index.html?ref=login,1
http://137.102.191.244/login,1
https://support.google.com/help/center,0
https://www.paypal.password-reset.account-security-alert-check.site/index.html?ref=login,1
https://login-3671.ml/security-alert/verify_user_credentials_session_id_38557_secure_token_abc,1
https://126.221.158.232/auth,1
https://api.bing.com/search?q=cyber+security,0
https://support.facebook.com/help/center,0
https://www.amazon.account-verification.account-security-alert-check.cf/index.html?ref=login,1
https://www.medium.com/blog/2026/08/article,0
https://support.chase.com/docs/guide,0
http://blog.paypal.com/settings/account,0
https://www.apple.update-billing.account-security-alert-check.ml/index.html?ref=login,1
https://14.156.21.82/auth,1
http://170.252.238.52/bank/account,1
https://www.amazon.com/api/v1/data,0
https://www.bing.com/products/item123,0
https://docs.wordpress.org/contact,0
http://www.amazon.password-reset.account-security-alert-check.club/index.html?ref=login,1
http://support.paypal.com/download/version1,0
https://api.twitter.com/,0
https://www.netflix.bank-security.account-security-alert-check.gq/index.html?ref=login,1
https://blog.bankofamerica.com/help/center,0
http://134.214.76.156/login,1
http://google-security-update.online/signin,1
https://docs.wikipedia.org/docs/guide,0
https://109.187.178.49/bank/account,1
http://www.amazon.update-billing.account-security-alert-check.online/index.html?ref=login,1
https://bankofamerica.com/terms-of-service,0
https://39.80.140.30/login,1
http://124.147.218.156/bank/account,1
http://google.com@attacker-855.top/login.php,1
https://api.dropbox.com/search?q=cyber+security,0
https://facebook.com/user/profile,0
https://support.imdb.com/search?q=cyber+security,0
https://login-4943.online/free-giftcard/verify_user_credentials_session_id_81516_secure_token_abc,1
http://bankofamerica.com@attacker-493.ml/login.php,1
https://dropbox.com/docs/guide,0
https://support.twitter.com/about,0
https://www.twitter.com/user/profile,0
https://196.224.195.102/login,1
https://docs.youtube.com/user/profile,0
http://35.148.56.164/signin.html,1
https://docs.medium.com/help/center,0
https://234.67.88.154/login,1
https://support.nytimes.com/blog/2026/08/article,0
http://www.microsoft.paypal-update.account-security-alert-check.online/index.html?ref=login,1
http://login-2972.info/password-reset/verify_user_credentials_session_id_70302_secure_token_abc,1
http://login-8211.site/unusual-activity/verify_user_credentials_session_id_31926_secure_token_abc,1
https://blog.linkedin.com/docs/guide,0
https://bankofamerica.com@attacker-625.tk/login.php,1
https://www.facebook.com/search?q=cyber+security,0
https://www.apple.support-desk.account-security-alert-check.site/index.html?ref=login,1
https://chase.com@attacker-393.info/login.php,1
http://login-4714.site/support-desk/verify_user_credentials_session_id_88944_secure_token_abc,1
http://paypal.com@attacker-703.info/login.php,1
https://www.wikipedia.org/search?q=cyber+security,0
https://api.github.com/settings/account,0
https://api.nytimes.com/search?q=cyber+security,0
https://docs.amazon.com/download/version1,0
https://www.bbc.com/search?q=cyber+security,0
https://login-6889.ga/support-desk/verify_user_credentials_session_id_99073_secure_token_abc,1
https://bankofamerica.com@attacker-887.tk/login.php,1
http://chase.com@attacker-259.ml/login.php,1
https://support.google.com/settings/account,0
https://login-1955.online/wallet-connect/verify_user_credentials_session_id_44840_secure_token_abc,1
http://docs.yahoo.com/blog/2026/08/article,0
https://www.microsoft.signin-portal.account-security-alert-check.site/index.html?ref=login,1
https://api.google.com/help/center,0
https://netflix-security-update.tk/signin,1
https://stackoverflow.com/api/v1/data,0
https://support.yahoo.com,0
https://docs.bankofamerica.com/terms-of-service,0
https://89.179.157.251/signin.html,1
https://bankofamerica.com/search?q=cyber+security,0
https://login-4212.info/unusual-activity/verify_user_credentials_session_id_90739_secure_token_abc,1
https://www.amazon.support-desk.account-security-alert-check.cf/index.html?ref=login,1
http://www.apple.wallet-connect.account-security-alert-check.site/index.html?ref=login,1
https://api.wordpress.org/products/item123,0
http://www.apple.bank-security.account-security-alert-check.club/index.html?ref=login,1
http://www.apple.account-verification.account-security-alert-check.online/index.html?ref=login,1
https://www.amazon.unusual-activity.account-security-alert-check.top/index.html?ref=login,1
http://paypal.com@attacker-201.tk/login.php,1
http://netflix-security-update.site/signin,1
https://docs.apple.com/settings/account,0
https://blog.nytimes.com/blog/2026/08/article,0
http://chase.com@attacker-828.site/login.php,1
https://156.118.118.60/login,1
http://255.154.3.77/verify,1
https://chase.com@attacker-682.tk/login.php,1
https://www.netflix.security-alert.account-security-alert-check.site/index.html?ref=login,1
https://docs.instagram.com/products/item123,0
http://209.89.20.219/bank/account,1
http://www.apple.claim-reward.account-security-alert-check.ml/index.html?ref=login,1
https://api.github.com/contact,0
http://www.amazon.support-desk.account-security-alert-check.info/index.html?ref=login,1
https://blog.adobe.com/about,0
http://98.74.27.172/login,1
https://login-6641.top/paypal-update/verify_user_credentials_session_id_28096_secure_token_abc,1
https://www.stackoverflow.com/help/center,0
http://google.com@attacker-748.top/login.php,1
http://224.118.171.106/auth,1
http://docs.yahoo.com/search?q=cyber+security,0
http://login-9810.top/bank-security/verify_user_credentials_session_id_94746_secure_token_abc,1
https://support.chase.com,0
https://docs.nytimes.com/contact,0
https://www.netflix.com/contact,0
https://www.instagram.com/help/center,0
http://bankofamerica.com@attacker-122.cf/login.php,1
http://chase.com@attacker-402.cf/login.php,1
https://login-2666.ga/confirm-identity/verify_user_credentials_session_id_18481_secure_token_abc,1
http://login-1118.ga/secure-login/verify_user_credentials_session_id_21683_secure_token_abc,1
http://support.nytimes.com/download/version1,0
https://www.wellsfargo.com/help/center,0
https://api.apple.com/contact,0
http://201.63.105.151/verify,1
https://blog.wordpress.org/about,0
http://www.paypal.paypal-update.account-security-alert-check.top/index.html?ref=login,1
http://chase.com@attacker-274.online/login.php,1
https://login-8687.online/claim-reward/verify_user_credentials_session_id_53452_secure_token_abc,1
https://login-8145.top/claim-reward/verify_user_credentials_session_id_94793_secure_token_abc,1
https://login-8646.gq/bank-security/verify_user_credentials_session_id_98761_secure_token_abc,1
https://187.133.31.162/signin.html,1
http://support.yahoo.com/about,0
http://166.151.255.106/auth,1
https://www.amazon.password-reset.account-security-alert-check.online/index.html?ref=login,1
https://support.microsoft.com/api/v1/data,0
https://blog.linkedin.com/download/version1,0
http://bankofamerica.com@attacker-788.ml/login.php,1
https://login-7738.club/verify-account/verify_user_credentials_session_id_16025_secure_token_abc,1
https://blog.cnn.com/help/center,0
https://api.cnn.com/search?q=cyber+security,0
http://155.89.77.169/signin.html,1
https://www.microsoft.update-billing.account-security-alert-check.top/index.html?ref=login,1
https://bankofamerica.com@attacker-467.cf/login.php,1
https://docs.wordpress.org/api/v1/data,0
https://bankofamerica.com@attacker-419.club/login.php,1
https://www.netflix.password-reset.account-security-alert-check.online/index.html?ref=login,1
https://amazon-security-update.xyz/signin,1
http://chase.com@attacker-844.site/login.php,1
https://support.imdb.com/,0
http://211.74.241.238/auth,1
https://108.205.155.185/bank/account,1
http://www.dropbox.com,0
https://api.wikipedia.org/blog/2026/08/article,0
http://api.twitter.com/terms-of-service,0
http://chase.com@attacker-419.ga/login.php,1
https://www.spotify.com/blog/2026/08/article,0
https://blog.chase.com/,0
https://support.quora.com/,0
https://www.stackoverflow.com/docs/guide,0
https://support.nytimes.com/search?q=cyber+security,0
https://login-9121.online/support-desk/verify_user_credentials_session_id_88097_secure_token_abc,1
http://46.155.84.126/signin.html,1
http://35.55.79.28/verify,1
http://www.paypal.support-desk.account-security-alert-check.gq/index.html?ref=login,1
http://www.netflix.account-verification.account-security-alert-check.ml/index.html?ref=login,1
https://106.44.254.225/verify,1
https://docs.adobe.com/blog/2026/08/article,0
https://api.github.com/search?q=cyber+security,0
https://api.linkedin.com/about,0
http://google.com@attacker-566.club/login.php,1
http://login-8711.info/secure-login/verify_user_credentials_session_id_14406_secure_token_abc,1
https://docs.bankofamerica.com/help/center,0
https://imdb.com/contact,0
https://api.netflix.com/blog/2026/08/article,0
https://docs.quora.com/docs/guide,0
https://support.youtube.com/settings/account,0
https://support.quora.com/help/center,0
https://docs.dropbox.com/docs/guide,0
https://imdb.com/about,0
https://login-8974.gq/support-desk/verify_user_credentials_session_id_91067_secure_token_abc,1
https://docs.youtube.com/terms-of-service,0
https://api.stackoverflow.com/docs/guide,0
http://www.paypal.unusual-activity.account-security-alert-check.info/index.html?ref=login,1
https://docs.chase.com/api/v1/data,0
https://support.imdb.com/api/v1/data,0
https://www.nytimes.com/api/v1/data,0
http://www.netflix.support-desk.account-security-alert-check.top/index.html?ref=login,1
https://blog.github.com/blog/2026/08/article,0
http://bankofamerica.com@attacker-523.top/login.php,1
https://www.bankofamerica.com/docs/guide,0
http://medium.com,0
http://blog.imdb.com/blog/2026/08/article,0
https://login-5312.online/security-alert/verify_user_credentials_session_id_44571_secure_token_abc,1
https://paypal.com/products/item123,0
https://blog.google.com/help/center,0
https://api.bing.com,0
https://api.yahoo.com/,0
http://api.bing.com,0
http://blog.imdb.com/about,0
http://www.microsoft.verify-account.account-security-alert-check.info/index.html?ref=login,1
https://www.paypal.claim-reward.account-security-alert-check.info/index.html?ref=login,1
https://bing.com/terms-of-service,0
https://support.quora.com/settings/account,0
http://support.yahoo.com/api/v1/data,0
https://blog.youtube.com/products/item123,0
https://blog.yahoo.com/about,0
https://blog.wellsfargo.com/terms-of-service,0
https://chase.com@attacker-897.club/login.php,1
https://medium.com/,0
https://www.paypal.update-billing.account-security-alert-check.ga/index.html?ref=login,1
https://blog.spotify.com/user/profile,0
https://netflix.com,0
http://www.apple.security-alert.account-security-alert-check.xyz/index.html?ref=login,1
http://login-7671.club/security-alert/verify_user_credentials_session_id_77698_secure_token_abc,1
http://paypal.com@attacker-853.ga/login.php,1
https://blog.google.com/docs/guide,0
https://docs.nytimes.com/user/profile,0
http://google.com@attacker-763.gq/login.php,1
https://login-1351.gq/confirm-identity/verify_user_credentials_session_id_34780_secure_token_abc,1
http://chase.com@attacker-184.club/login.php,1
http://123.156.82.181/signin.html,1
http://www.imdb.com/about,0
https://support.medium.com/products/item123,0
https://www.cnn.com/settings/account,0
https://login-5198.ml/confirm-identity/verify_user_credentials_session_id_22488_secure_token_abc,1
https://210.155.159.72/signin.html,1
http://chase.com@attacker-531.site/login.php,1
https://linkedin.com/settings/account,0
https://www.amazon.signin-portal.account-security-alert-check.ml/index.html?ref=login,1
http://www.amazon.secure-login.account-security-alert-check.online/index.html?ref=login,1
http://www.microsoft.account-verification.account-security-alert-check.site/index.html?ref=login,1
https://spotify.com/user/profile,0
http://44.149.41.122/login,1
https://chase.com@attacker-779.site/login.php,1
https://www.facebook.com/download/version1,0
https://google.com@attacker-297.gq/login.php,1
https://google.com@attacker-941.top/login.php,1
http://login-5529.site/account-verification/verify_user_credentials_session_id_52616_secure_token_abc,1
http://login-2263.info/bank-security/verify_user_credentials_session_id_94341_secure_token_abc,1
https://docs.chase.com/terms-of-service,0
https://paypal.com@attacker-623.online/login.php,1
http://www.amazon.signin-portal.account-security-alert-check.ml/index.html?ref=login,1
https://www.netflix.com/settings/account,0
http://bankofamerica.com@attacker-854.cf/login.php,1
https://chase.com@attacker-340.tk/login.php,1
https://support.netflix.com,0
http://paypal.com@attacker-920.site/login.php,1
https://www.amazon.free-giftcard.account-security-alert-check.top/index.html?ref=login,1
http://www.paypal.wallet-connect.account-security-alert-check.gq/index.html?ref=login,1
https://www.paypal.account-verification.account-security-alert-check.ga/index.html?ref=login,1
http://141.193.206.210/verify,1
http://bankofamerica.com@attacker-672.cf/login.php,1
https://blog.paypal.com/about,0
http://www.apple.bank-security.account-security-alert-check.ml/index.html?ref=login,1
http://chase.com@attacker-311.cf/login.php,1
https://wellsfargo.com/,0
http://246.103.1.160/bank/account,1
http://login-4373.xyz/confirm-identity/verify_user_credentials_session_id_75107_secure_token_abc,1
http://www.apple.signin-portal.account-security-alert-check.info/index.html?ref=login,1
https://www.adobe.com/search?q=cyber+security,0
https://chase-security-update.ml/signin,1
https://support.stackoverflow.com/blog/2026/08/article,0
http://login-7815.club/wallet-connect/verify_user_credentials_session_id_49800_secure_token_abc,1
https://docs.reddit.com/docs/guide,0
https://docs.paypal.com/terms-of-service,0
http://chase.com@attacker-271.site/login.php,1
https://www.microsoft.support-desk.account-security-alert-check.club/index.html?ref=login,1
https://bankofamerica.com@attacker-235.ml/login.php,1
http://www.amazon.confirm-identity.account-security-alert-check.top/index.html?ref=login,1
http://www.chase.com/products/item123,0
https://docs.microsoft.com/api/v1/data,0
http://238.224.250.177/bank/account,1
http://login-1308.club/verify-account/verify_user_credentials_session_id_66524_secure_token_abc,1
https://blog.dropbox.com/,0
https://blog.instagram.com/terms-of-service,0
https://www.amazon.signin-portal.account-security-alert-check.ga/index.html?ref=login,1
https://api.imdb.com/docs/guide,0
https://14.44.218.101/verify,1
https://blog.facebook.com/docs/guide,0
http://www.netflix.bank-security.account-security-alert-check.club/index.html?ref=login,1
http://google.com@attacker-241.xyz/login.php,1
http://bankofamerica.com@attacker-855.online/login.php,1
https://yahoo.com/download/version1,0
https://wordpress.org/search?q=cyber+security,0
https://157.27.175.137/login,1
https://www.paypal.com/contact,0
http://221.42.160.155/bank/account,1
https://blog.wellsfargo.com/settings/account,0
https://www.microsoft.confirm-identity.account-security-alert-check.top/index.html?ref=login,1
https://docs.apple.com/about,0
https://login-9148.site/verify-account/verify_user_credentials_session_id_12329_secure_token_abc,1
https://google.com/contact,0
http://blog.cnn.com/products/item123,0
https://www.wordpress.org/about,0
https://api.twitter.com/products/item123,0
http://121.99.61.223/signin.html,1
http://docs.twitter.com/download/version1,0
http://support.netflix.com/blog/2026/08/article,0
https://1.192.157.27/verify,1
http://107.91.82.173/bank/account,1
http://237.90.80.202/login,1
https://www.dropbox.com/terms-of-service,0
https://login-1334.club/paypal-update/verify_user_credentials_session_id_87068_secure_token_abc,1
http://www.microsoft.confirm-identity.account-security-alert-check.info/index.html?ref=login,1
https://bankofamerica.com@attacker-357.online/login.php,1
https://250.237.114.166/verify,1
https://api.wellsfargo.com/,0
https://docs.wellsfargo.com/contact,0
http://bankofamerica.com@attacker-141.top/login.php,1
http://www.microsoft.paypal-update.account-security-alert-check.ml/index.html?ref=login,1
https://docs.medium.com/settings/account,0
https://docs.stackoverflow.com/blog/2026/08/article,0
https://support.instagram.com,0
http://twitter.com/products/item123,0
https://blog.spotify.com/download/version1,0
http://www.paypal.com/settings/account,0
https://support.spotify.com/help/center,0
https://blog.youtube.com/search?q=cyber+security,0
http://www.netflix.unusual-activity.account-security-alert-check.top/index.html?ref=login,1
https://support.bing.com/blog/2026/08/article,0
https://api.cnn.com/docs/guide,0
https://83.123.169.249/bank/account,1
https://www.apple.com/search?q=cyber+security,0
https://amazon.com/blog/2026/08/article,0
https://support.wikipedia.org/download/version1,0
